CLIENT_NAME,EMAIL,COUNT
WMT Nestle-US,Lauren.Silvestri@us.nestle.com,7
WMT PROCTER & GAMBLE,landers.l@pg.com,5
WMT Pepsico,martin.ojeda@pepsico.com,4
WMT Mars_Wrigley,anthony.bertoldi@effem.com,3
WMT PROCTER & GAMBLE,little.g.1@pg.com,3
WMT Ghirardelli,KRedding@ghirardelli.com,2
WMT Pepsico,jake.lyssy@pepsico.com,2
WMT Advisor Only Mars_Pet,mike.ziegler@effem.com,2
WMT Mars_Pet,anna.musgraves@effem.com,1
WMT SC Johnson,JDCrensh@scj.com,1
WMT PROCTER & GAMBLE,breden.hh@pg.com,1
WMT Advisor Only Pepsico,stanford.mcbride@pepsico.com,1
WMT Hershey,fpaternostro@hersheys.com,1
Walmart-US,gustavo.gomez@walmart.com,1
WMT Lactalis_Retail_Dairy_Inc,kiley.arnold@us.lactalis.com,1
WMT Nestle-US,Miranda.Myer@purina.nestle.com,1
WMT General Mills,Brian.Mastey@genmills.com,1
WMT General Mills,kforrester@bluebuff.com,1
WMT General Mills,Anna.Fredrick@genmills.com,1
Walmart-US,Matthew.Sherman@walmart.com,1
WMT PROCTER & GAMBLE,cochran.j@pg.com,1
Luminate,Nick.Clancy@dunnhumby.com,1
WMT Georgia-Pacific,Gina.Beckstead@gapac.com,1
Walmart-US,Hayden.Bough@walmart.com,1
WMT Church and Dwight,daniel.dolan@churchdwight.com,1
WMT Core_Home,heather@corehome.com,1
WMT Kellogg,mark.brown2@kellogg.com,1
WMT SC Johnson,JPMiller@scj.com,1
WMT Colgate-Palmolive,andres_mazariegos@colpal.com,1
WMT Kimberly-Clark,michael.pecora@kcc.com,1
WMT Pepsico,ryan.davis4@pepsico.com,1
