CLIENT_NAME,EMAIL,COUNT
WMT General Mills,Khalid.Dayib@genmills.com,25
WMT General Mills,Allen.Shaver@genmills.com,14
WMT Smucker,chris.abraham@jmsmucker.com,12
WMT Red Bull,jamie.fletcher-yazzetti@redbull.com,8
WMT Kellogg,mark.brown2@kellogg.com,8
WMT PROCTER & GAMBLE,jensen.a.1@pg.com,7
WMT Henkel,ann.cenzalli@henkel.com,6
WMT Kellogg,Kevin.Downey@kellogg.com,5
WMT Mars_Pet,Kevin.Phelan@effem.com,5
WMT Advisor Only Nestle-US,Jonathan.Hobbs@us.nestle.com,4
WMT Nestle-US,Lauren.Silvestri@us.nestle.com,4
WMT SC Johnson,cjschwim@scj.com,4
WMT Red Bull,brock.davis@redbull.com,3
WMT Mars_Pet,riley.stroud@effem.com,2
WMT PROCTER & GAMBLE,cordero.fj@pg.com,2
WMT KISS,chmussler@kissusa.com,2
WMT SC Johnson,JDCrensh@scj.com,2
WMT Hershey,fpaternostro@hersheys.com,2
WMT SC Johnson,JPMiller@scj.com,2
WMT Kimberly-Clark,michael.pecora@kcc.com,2
WMT Pepsico,ryan.davis4@pepsico.com,2
WMT Colgate-Palmolive,andres_mazariegos@colpal.com,1
WMT Pepsico,martin.ojeda@pepsico.com,1
WMT General Mills,kforrester@bluebuff.com,1
WMT General Mills,Anna.Fredrick@genmills.com,1
WMT PROCTER & GAMBLE,belman.ma@pg.com,1
WMT Colgate-Palmolive,amelia_catanzaro@colpal.com,1
WMT Nestle-US,marcie.bracht@us.nestle.com,1
WMT Mondelez,arden.brazzeal@mdlz.com,1
WMT Advisor Only General Mills,michael.abouzeid@genmills.com,1
Luminate,AnaMaria.Gutierrez@dunnhumby.com,1
WMT Mars_Pet,anna.musgraves@effem.com,1
WMT Lactalis_Retail_Dairy_Inc,kiley.arnold@us.lactalis.com,1
