NAME,PROD_GROUP_CODE,PROD_GROUP_DESC,PROD_ITEM_ID,PROD_HIER_L50_DESC,PROD_HIER_L40_DESC,PROD_HIER_L30_DESC,PROD_HIER_L20_DESC,PROD_HIER_L10_DESC,PROD_HIER_L50_CODE,PROD_HIER_L40_CODE,PROD_HIER_L30_CODE,PROD_HIER_L20_CODE,PROD_HIER_L10_CODE
TestClient1,7864210265,Wild Mike s Combination Ultimate Super Sized Pizza 37 67 oz 37.6700 OZ - 0007864210265,557351969,091 - FROZEN FOODS,FROZEN PIZZA L2,FROZEN PIZZA L3,ARTISAN PIZZA,IMPORT RESTAURANT STYLE,91,1372_91,3205_1372_91,28706_3205_1372_91,2327_28706_3205_1372_91
TestClient1,7874223779,Sam s Choice Italia Spinach Pesto Pizza 530g 18.7000 OZ - 0007874223779,564562106,091 - FROZEN FOODS,FROZEN PIZZA L2,FROZEN PIZZA L3,ARTISAN PIZZA,IMPORT RESTAURANT STYLE,91,1372_91,3205_1372_91,28706_3205_1372_91,2327_28706_3205_1372_91
TestClient1,2066200603,Newman s Own Margherita Thin and Crispy Pizza 16 4 oz 16.4000 OZ - 0002066200603,570028491,091 - FROZEN FOODS,FROZEN PIZZA L2,FROZEN PIZZA L3,ARTISAN PIZZA,IMPORT RESTAURANT STYLE,91,1372_91,3205_1372_91,28706_3205_1372_91,2327_28706_3205_1372_91
TestClient1,7874223780,Sam s Choice Italia Spinach and Goat Cheese Frozen Pizza 16.3000 OZ - 0007874223780,564562108,091 - FROZEN FOODS,FROZEN PIZZA L2,FROZEN PIZZA L3,ARTISAN PIZZA,IMPORT RESTAURANT STYLE,91,1372_91,3205_1372_91,28706_3205_1372_91,2327_28706_3205_1372_91
TestClient1,83485700080,Sal s Pizza Large Sicilian Style Pepperoni Frozen Pizza 1.0000 EA - 0083485700080,596687260,091 - FROZEN FOODS,FROZEN PIZZA L2,FROZEN PIZZA L3,ARTISAN PIZZA,IMPORT RESTAURANT STYLE,91,1372_91,3205_1372_91,28706_3205_1372_91,2327_28706_3205_1372_91
TestClient1,7874223783,Sam s Choice Italia Garden Vegetable Pizza 17 oz 17.3000 OZ - 0007874223783,564562107,091 - FROZEN FOODS,FROZEN PIZZA L2,FROZEN PIZZA L3,ARTISAN PIZZA,IMPORT RESTAURANT STYLE,91,1372_91,3205_1372_91,28706_3205_1372_91,2327_28706_3205_1372_91
TestClient1,7864210265,Wild Mike s Combination Ultimate Super Sized Pizza 37 67 oz 37.6700 OZ - 0007864210265,554228129,091 - FROZEN FOODS,FROZEN PIZZA L2,FROZEN PIZZA L3,ARTISAN PIZZA,IMPORT RESTAURANT STYLE,91,1372_91,3205_1372_91,28706_3205_1372_91,2327_28706_3205_1372_91
TestClient1,2066200534,Newman s Own Thin Crispy Margherita Pizza 13 9 OZ 13.9000 OZ - 0002066200534,9196042,091 - FROZEN FOODS,FROZEN PIZZA L2,FROZEN PIZZA L3,ARTISAN PIZZA,IMPORT RESTAURANT STYLE,91,1372_91,3205_1372_91,28706_3205_1372_91,2327_28706_3205_1372_91
TestClient1,7218063752,Red Baron Pizza Deep Dish Singles Cheese 11 2 oz 2 Ct Frozen 11.2000 OZ - 0007218063752,9193674,091 - FROZEN FOODS,FROZEN PIZZA L2,FROZEN PIZZA L3,ARTISAN PIZZA,IMPORT RESTAURANT STYLE,91,1372_91,3205_1372_91,28706_3205_1372_91,2327_28706_3205_1372_91
TestClient1,7874223782,Sam s Choice Italia Meat Trio Pizza 15 oz 15.3000 OZ - 0007874223782,564562109,091 - FROZEN FOODS,FROZEN PIZZA L2,FROZEN PIZZA L3,ARTISAN PIZZA,IMPORT RESTAURANT STYLE,91,1372_91,3205_1372_91,28706_3205_1372_91,2327_28706_3205_1372_91
