US-HAM-SVV-3708,
US-HAM-SVV-3709,
US-HAM-SVV-3699,
US-HAM-SVV-3700,
US-HAM-SVV-3704,
US-HAM-SVV-3705,
US-HAM-SVV-3702,
US-HAM-SVV-3703,
US-HAM-SVV-3695,
US-HAM-SVV-3696,
GB-WAT-SVV-1404,
GB-SLO-SVV-1404,
GB-WAT-SVV-1405,
GB-SLO-SVV-1405,
GB-WAT-SVV-1406,
GB-SLO-SVV-1406,
GB-WAT-SVV-1407,
GB-SLO-SVV-1407,
GB-WAT-SVV-1415,
GB-SLO-SVV-1415,
GB-WAT-SVV-1416,
GB-SLO-SVV-1416,
GB-WAT-SVV-1417,
GB-SLO-SVV-1417,
GB-WAT-SVV-1418,
GB-SLO-SVV-1418,
GB-WAT-SVV-1419,
GB-SLO-SVV-1419,
GB-WAT-SVV-1414,
GB-SLO-SVV-1414,
GB-SLO-SVV-3670,
GB-WAT-SVV-3535,